id,raw,est_raw_chrX,aligned_chrX,marked_chrX,percent_mapped,percent_duplicates
0001,23.701,1.11513,11.3141,10.2846,87.05,13.0134
0002,23.454,1.10351,11.2097,10.1347,88.57,13.5146
0005,17.964,0.845206,15.0552,13.7334,86.89,11.2256
0006,22.089,1.03929,18.4987,16.6656,87.55,12.4551
